{
  "project_info": {
    "project_number": "312368307071",
    "project_id": "wallpaperapp-e7e13",
    "storage_bucket": "wallpaperapp-e7e13.appspot.com"
  },
  "client": [
    {
      "client_info": {
        "mobilesdk_app_id": "1:312368307071:android:3b1833d91af3f1e3f8184a",
        "android_client_info": {
          "package_name": "com.wallpaper.si_nwallpaper"
        }
      },
      "oauth_client": [],
      "api_key": [
        {
          "current_key": "AIzaSyCr2t6mZYxXtZPTP6QKD1snyl7kgIlCNpc"
        }
      ],
      "services": {
        "appinvite_service": {
          "other_platform_oauth_client": []
        }
      }
    }
  ],
  "configuration_version": "1"
}