{"v":"5.7.3","fr":60,"ip=[]":13,"op":110,"w":1080,"h":1080,"nm":"BOXS","ddd":0,"assets":[{"id":"comp_0","layers":[{"ddd":0,"ind":2,"ty":4,"nm":"7","sr":1,"ks":{"o":{"a":0,"k":100,"ix":11},"r":{"a":0,"k":0,"ix":10},"p":{"a":1,"k":[{"i":{"x":0.218,"y":1},"o":{"x":0.714,"y":0},"t":41.236,"s":[239.25,840.25,0],"to":[0,-50.042,0],"ti":[0,50.042,0]},{"t":75.599609375,"s":[239.25,540,0]}],"ix":2},"a":{"a":0,"k":[0,0,0],"ix":1},"s":{"a":0,"k":[100,100,100],"ix":6}},"ao":0,"shapes":[{"ty":"gr","it":[{"ty":"rc","d":1,"s":{"a":0,"k":[1080,1080],"ix":2},"p":{"a":0,"k":[0,0],"ix":3},"r":{"a":0,"k":150,"ix":4},"nm":"Rectangle Path 1","mn":"ADBE Vector Shape - Rect","hd":false},{"ty":"st","c":{"a":0,"k":[0,0,0,0],"ix":3},"o":{"a":0,"k":100,"ix":4},"w":{"a":0,"k":74,"ix":5},"lc":1,"lj":1,"ml":4,"bm":0,"nm":"Stroke 1","mn":"ADBE Vector Graphic - Stroke","hd":false},{"ty":"fl","c":{"a":0,"k":[0.994397750555,0.994397750555,0.994397750555,1],"ix":4},"o":{"a":0,"k":100,"ix":5},"r":1,"bm":0,"nm":"Fill 1","mn":"ADBE Vector Graphic - Fill","hd":false},{"ty":"tr","p":{"a":0,"k":[0,0],"ix":2},"a":{"a":0,"k":[0,0],"ix":1},"s":{"a":0,"k":[18.493,18.493],"ix":3},"r":{"a":0,"k":0,"ix":6},"o":{"a":0,"k":100,"ix":7},"sk":{"a":0,"k":0,"ix":4},"sa":{"a":0,"k":0,"ix":5},"nm":"Transform"}],"nm":"Rectangle 1","np":3,"cix":2,"bm":0,"ix":1,"mn":"ADBE Vector Group","hd":false}],"ip":0,"op":301,"st":0,"bm":0},{"ddd":0,"ind":3,"ty":4,"nm":"6","sr":1,"ks":{"o":{"a":0,"k":100,"ix":11},"r":{"a":0,"k":0,"ix":10},"p":{"a":1,"k":[{"i":{"x":0.218,"y":1},"o":{"x":0.714,"y":0},"t":34.363,"s":[239.25,540,0],"to":[0,-50.083,0],"ti":[0,50.083,0]},{"t":68.7265625,"s":[239.25,239.5,0]}],"ix":2},"a":{"a":0,"k":[0,0,0],"ix":1},"s":{"a":0,"k":[100,100,100],"ix":6}},"ao":0,"shapes":[{"ty":"gr","it":[{"ty":"rc","d":1,"s":{"a":0,"k":[1080,1080],"ix":2},"p":{"a":0,"k":[0,0],"ix":3},"r":{"a":0,"k":150,"ix":4},"nm":"Rectangle Path 1","mn":"ADBE Vector Shape - Rect","hd":false},{"ty":"st","c":{"a":0,"k":[0,0,0,0],"ix":3},"o":{"a":0,"k":100,"ix":4},"w":{"a":0,"k":74,"ix":5},"lc":1,"lj":1,"ml":4,"bm":0,"nm":"Stroke 1","mn":"ADBE Vector Graphic - Stroke","hd":false},{"ty":"fl","c":{"a":0,"k":[0.994397750555,0.994397750555,0.994397750555,1],"ix":4},"o":{"a":0,"k":100,"ix":5},"r":1,"bm":0,"nm":"Fill 1","mn":"ADBE Vector Graphic - Fill","hd":false},{"ty":"tr","p":{"a":0,"k":[0,0],"ix":2},"a":{"a":0,"k":[0,0],"ix":1},"s":{"a":0,"k":[18.493,18.493],"ix":3},"r":{"a":0,"k":0,"ix":6},"o":{"a":0,"k":100,"ix":7},"sk":{"a":0,"k":0,"ix":4},"sa":{"a":0,"k":0,"ix":5},"nm":"Transform"}],"nm":"Rectangle 1","np":3,"cix":2,"bm":0,"ix":1,"mn":"ADBE Vector Group","hd":false}],"ip":0,"op":301,"st":0,"bm":0},{"ddd":0,"ind":4,"ty":4,"nm":"5","sr":1,"ks":{"o":{"a":0,"k":100,"ix":11},"r":{"a":0,"k":0,"ix":10},"p":{"a":1,"k":[{"i":{"x":0.218,"y":1},"o":{"x":0.714,"y":0},"t":27.49,"s":[239.25,239.5,0],"to":[50.125,0,0],"ti":[-50.125,0,0]},{"t":61.853515625,"s":[540,239.5,0]}],"ix":2},"a":{"a":0,"k":[0,0,0],"ix":1},"s":{"a":0,"k":[100,100,100],"ix":6}},"ao":0,"shapes":[{"ty":"gr","it":[{"ty":"rc","d":1,"s":{"a":0,"k":[1080,1080],"ix":2},"p":{"a":0,"k":[0,0],"ix":3},"r":{"a":0,"k":150,"ix":4},"nm":"Rectangle Path 1","mn":"ADBE Vector Shape - Rect","hd":false},{"ty":"st","c":{"a":0,"k":[0,0,0,0],"ix":3},"o":{"a":0,"k":100,"ix":4},"w":{"a":0,"k":74,"ix":5},"lc":1,"lj":1,"ml":4,"bm":0,"nm":"Stroke 1","mn":"ADBE Vector Graphic - Stroke","hd":false},{"ty":"fl","c":{"a":0,"k":[0.994397750555,0.994397750555,0.994397750555,1],"ix":4},"o":{"a":0,"k":100,"ix":5},"r":1,"bm":0,"nm":"Fill 1","mn":"ADBE Vector Graphic - Fill","hd":false},{"ty":"tr","p":{"a":0,"k":[0,0],"ix":2},"a":{"a":0,"k":[0,0],"ix":1},"s":{"a":0,"k":[18.493,18.493],"ix":3},"r":{"a":0,"k":0,"ix":6},"o":{"a":0,"k":100,"ix":7},"sk":{"a":0,"k":0,"ix":4},"sa":{"a":0,"k":0,"ix":5},"nm":"Transform"}],"nm":"Rectangle 1","np":3,"cix":2,"bm":0,"ix":1,"mn":"ADBE Vector Group","hd":false}],"ip":0,"op":301,"st":0,"bm":0},{"ddd":0,"ind":5,"ty":4,"nm":"4","sr":1,"ks":{"o":{"a":0,"k":100,"ix":11},"r":{"a":0,"k":0,"ix":10},"p":{"a":1,"k":[{"i":{"x":0.218,"y":1},"o":{"x":0.714,"y":0},"t":20.617,"s":[540,239.5,0],"to":[49.917,0,0],"ti":[-49.917,0,0]},{"t":54.98046875,"s":[839.5,239.5,0]}],"ix":2},"a":{"a":0,"k":[0,0,0],"ix":1},"s":{"a":0,"k":[100,100,100],"ix":6}},"ao":0,"shapes":[{"ty":"gr","it":[{"ty":"rc","d":1,"s":{"a":0,"k":[1080,1080],"ix":2},"p":{"a":0,"k":[0,0],"ix":3},"r":{"a":0,"k":150,"ix":4},"nm":"Rectangle Path 1","mn":"ADBE Vector Shape - Rect","hd":false},{"ty":"st","c":{"a":0,"k":[0,0,0,0],"ix":3},"o":{"a":0,"k":100,"ix":4},"w":{"a":0,"k":74,"ix":5},"lc":1,"lj":1,"ml":4,"bm":0,"nm":"Stroke 1","mn":"ADBE Vector Graphic - Stroke","hd":false},{"ty":"fl","c":{"a":0,"k":[0.994397750555,0.994397750555,0.994397750555,1],"ix":4},"o":{"a":0,"k":100,"ix":5},"r":1,"bm":0,"nm":"Fill 1","mn":"ADBE Vector Graphic - Fill","hd":false},{"ty":"tr","p":{"a":0,"k":[0,0],"ix":2},"a":{"a":0,"k":[0,0],"ix":1},"s":{"a":0,"k":[18.493,18.493],"ix":3},"r":{"a":0,"k":0,"ix":6},"o":{"a":0,"k":100,"ix":7},"sk":{"a":0,"k":0,"ix":4},"sa":{"a":0,"k":0,"ix":5},"nm":"Transform"}],"nm":"Rectangle 1","np":3,"cix":2,"bm":0,"ix":1,"mn":"ADBE Vector Group","hd":false}],"ip":0,"op":301,"st":0,"bm":0},{"ddd":0,"ind":6,"ty":4,"nm":"3","sr":1,"ks":{"o":{"a":0,"k":100,"ix":11},"r":{"a":0,"k":0,"ix":10},"p":{"a":1,"k":[{"i":{"x":0.218,"y":1},"o":{"x":0.714,"y":0},"t":13.746,"s":[839.5,239.5,0],"to":[0,50.083,0],"ti":[0,-50.083,0]},{"i":{"x":0.218,"y":0.218},"o":{"x":0.167,"y":0.167},"t":48.109,"s":[839.5,540,0],"to":[0,0,0],"ti":[0,0,0]},{"i":{"x":0.218,"y":1},"o":{"x":0.546,"y":0},"t":64.908,"s":[839.5,540,0],"to":[-49.917,0,0],"ti":[0,0,0]},{"t":98,"s":[540,540,0]}],"ix":2},"a":{"a":0,"k":[0,0,0],"ix":1},"s":{"a":0,"k":[100,100,100],"ix":6}},"ao":0,"shapes":[{"ty":"gr","it":[{"ty":"rc","d":1,"s":{"a":0,"k":[1080,1080],"ix":2},"p":{"a":0,"k":[0,0],"ix":3},"r":{"a":0,"k":150,"ix":4},"nm":"Rectangle Path 1","mn":"ADBE Vector Shape - Rect","hd":false},{"ty":"st","c":{"a":0,"k":[0,0,0,0],"ix":3},"o":{"a":0,"k":100,"ix":4},"w":{"a":0,"k":74,"ix":5},"lc":1,"lj":1,"ml":4,"bm":0,"nm":"Stroke 1","mn":"ADBE Vector Graphic - Stroke","hd":false},{"ty":"fl","c":{"a":0,"k":[0.994397750555,0.994397750555,0.994397750555,1],"ix":4},"o":{"a":0,"k":100,"ix":5},"r":1,"bm":0,"nm":"Fill 1","mn":"ADBE Vector Graphic - Fill","hd":false},{"ty":"tr","p":{"a":0,"k":[0,0],"ix":2},"a":{"a":0,"k":[0,0],"ix":1},"s":{"a":0,"k":[18.493,18.493],"ix":3},"r":{"a":0,"k":0,"ix":6},"o":{"a":0,"k":100,"ix":7},"sk":{"a":0,"k":0,"ix":4},"sa":{"a":0,"k":0,"ix":5},"nm":"Transform"}],"nm":"Rectangle 1","np":3,"cix":2,"bm":0,"ix":1,"mn":"ADBE Vector Group","hd":false}],"ip":0,"op":301,"st":0,"bm":0},{"ddd":0,"ind":7,"ty":4,"nm":"2","sr":1,"ks":{"o":{"a":0,"k":100,"ix":11},"r":{"a":0,"k":0,"ix":10},"p":{"a":1,"k":[{"i":{"x":0.218,"y":1},"o":{"x":0.714,"y":0},"t":6.873,"s":[839.5,540,0],"to":[0,0,0],"ti":[0,0,0]},{"i":{"x":0.218,"y":0.218},"o":{"x":0.167,"y":0.167},"t":41.236,"s":[540,540,0],"to":[0,0,0],"ti":[0,0,0]},{"i":{"x":0.189,"y":1},"o":{"x":0.756,"y":0},"t":56,"s":[540,540,0],"to":[0,0,0],"ti":[0.083,-50.042,0]},{"t":89.091796875,"s":[539.5,840.25,0]}],"ix":2},"a":{"a":0,"k":[0,0,0],"ix":1},"s":{"a":0,"k":[100,100,100],"ix":6}},"ao":0,"shapes":[{"ty":"gr","it":[{"ty":"rc","d":1,"s":{"a":0,"k":[1080,1080],"ix":2},"p":{"a":0,"k":[0,0],"ix":3},"r":{"a":0,"k":150,"ix":4},"nm":"Rectangle Path 1","mn":"ADBE Vector Shape - Rect","hd":false},{"ty":"st","c":{"a":0,"k":[0,0,0,0],"ix":3},"o":{"a":0,"k":100,"ix":4},"w":{"a":0,"k":74,"ix":5},"lc":1,"lj":1,"ml":4,"bm":0,"nm":"Stroke 1","mn":"ADBE Vector Graphic - Stroke","hd":false},{"ty":"fl","c":{"a":0,"k":[0.994397750555,0.994397750555,0.994397750555,1],"ix":4},"o":{"a":0,"k":100,"ix":5},"r":1,"bm":0,"nm":"Fill 1","mn":"ADBE Vector Graphic - Fill","hd":false},{"ty":"tr","p":{"a":0,"k":[0,0],"ix":2},"a":{"a":0,"k":[0,0],"ix":1},"s":{"a":0,"k":[18.493,18.493],"ix":3},"r":{"a":0,"k":0,"ix":6},"o":{"a":0,"k":100,"ix":7},"sk":{"a":0,"k":0,"ix":4},"sa":{"a":0,"k":0,"ix":5},"nm":"Transform"}],"nm":"Rectangle 1","np":3,"cix":2,"bm":0,"ix":1,"mn":"ADBE Vector Group","hd":false}],"ip":0,"op":301,"st":0,"bm":0},{"ddd":0,"ind":8,"ty":4,"nm":"1","sr":1,"ks":{"o":{"a":0,"k":100,"ix":11},"r":{"a":0,"k":0,"ix":10},"p":{"a":1,"k":[{"i":{"x":0.218,"y":1},"o":{"x":0.714,"y":0},"t":0,"s":[540,540,0],"to":[-0.083,50.042,0],"ti":[0.083,-50.042,0]},{"i":{"x":0,"y":0},"o":{"x":1,"y":1},"t":34.363,"s":[539.5,840.25,0],"to":[0,0,0],"ti":[0,0,0]},{"i":{"x":0.186,"y":1},"o":{"x":0.742,"y":0},"t":48.109,"s":[539.5,840.25,0],"to":[-50.042,0,0],"ti":[50.042,0,0]},{"t":80.181640625,"s":[239.25,840.25,0]}],"ix":2},"a":{"a":0,"k":[0,0,0],"ix":1},"s":{"a":0,"k":[100,100,100],"ix":6}},"ao":0,"shapes":[{"ty":"gr","it":[{"ty":"rc","d":1,"s":{"a":0,"k":[1080,1080],"ix":2},"p":{"a":0,"k":[0,0],"ix":3},"r":{"a":0,"k":150,"ix":4},"nm":"Rectangle Path 1","mn":"ADBE Vector Shape - Rect","hd":false},{"ty":"st","c":{"a":0,"k":[0,0,0,0],"ix":3},"o":{"a":0,"k":100,"ix":4},"w":{"a":0,"k":74,"ix":5},"lc":1,"lj":1,"ml":4,"bm":0,"nm":"Stroke 1","mn":"ADBE Vector Graphic - Stroke","hd":false},{"ty":"fl","c":{"a":0,"k":[0.994397750555,0.994397750555,0.994397750555,1],"ix":4},"o":{"a":0,"k":100,"ix":5},"r":1,"bm":0,"nm":"Fill 1","mn":"ADBE Vector Graphic - Fill","hd":false},{"ty":"tr","p":{"a":0,"k":[0,0],"ix":2},"a":{"a":0,"k":[0,0],"ix":1},"s":{"a":0,"k":[18.493,18.493],"ix":3},"r":{"a":0,"k":0,"ix":6},"o":{"a":0,"k":100,"ix":7},"sk":{"a":0,"k":0,"ix":4},"sa":{"a":0,"k":0,"ix":5},"nm":"Transform"}],"nm":"Rectangle 1","np":3,"cix":2,"bm":0,"ix":1,"mn":"ADBE Vector Group","hd":false}],"ip":0,"op":301,"st":0,"bm":0}]}],"layers":[{"ddd":0,"ind":1,"ty":3,"nm":"Adjustment Layer 7","sr":1,"ks":{"o":{"a":0,"k":100,"ix":11},"r":{"a":0,"k":0,"ix":10},"p":{"a":0,"k":[540,540,0],"ix":2},"a":{"a":0,"k":[540,540,0],"ix":1},"s":{"a":0,"k":[100,100,100],"ix":6}},"ao":0,"ef":[{"ty":20,"nm":"Tint","np":6,"mn":"ADBE Tint","ix":1,"en":1,"ef":[{"ty":2,"nm":"Map Black To","mn":"ADBE Tint-0001","ix":1,"v":{"a":0,"k":[0,0,0,0],"ix":1}},{"ty":2,"nm":"Map White To","mn":"ADBE Tint-0002","ix":2,"v":{"a":0,"k":[1,1,1,0],"ix":2}},{"ty":0,"nm":"Amount to Tint","mn":"ADBE Tint-0003","ix":3,"v":{"a":0,"k":100,"ix":3}},{"ty":6,"nm":"","mn":"ADBE Tint-0004","ix":4,"v":0}]}],"ip":0,"op":301,"st":0,"bm":0},{"ddd":0,"ind":2,"ty":0,"nm":"Boxs Animation","refId":"comp_0","sr":1,"ks":{"o":{"a":0,"k":100,"ix":11},"r":{"a":0,"k":225.1,"ix":10},"p":{"a":0,"k":[540,540,0],"ix":2},"a":{"a":0,"k":[540,540,0],"ix":1},"s":{"a":0,"k":[42,42,100],"ix":6}},"ao":0,"sy":[{"c":{"a":0,"k":[1,0,0,1],"ix":2},"s":{"a":0,"k":3,"ix":3},"ty":0,"nm":"Stroke"}],"tm":{"a":1,"k":[{"i":{"x":[0.833],"y":[0.833]},"o":{"x":[0.167],"y":[0.167]},"t":0,"s":[0]},{"i":{"x":[0.833],"y":[0.833]},"o":{"x":[0.167],"y":[0.167]},"t":13,"s":[0.217]},{"i":{"x":[0.833],"y":[0.833]},"o":{"x":[0.167],"y":[0.167]},"t":109,"s":[1.15]},{"t":301,"s":[5.017]}],"ix":2},"w":1080,"h":1080,"ip":0,"op":301,"st":0,"bm":0},{"ddd":0,"ind":3,"ty":1,"nm":"bg","sr":1,"ks":{"o":{"a":0,"k":100,"ix":11},"r":{"a":0,"k":0,"ix":10},"p":{"a":0,"k":[540,540,0],"ix":2},"a":{"a":0,"k":[540,540,0],"ix":1},"s":{"a":0,"k":[100,100,100],"ix":6}},"ao":0,"sw":1080,"sh":1080,"sc":"#000000","ip":301,"op":301,"st":0,"bm":0,"hidden":0}],"markers":[]}